val_precision,val_recall,val_f1,val_acc,average_loss,epoch,step,lr-AdamW,loss,loss_focal,loss_dice,loss_classification,acc,loss_iou,train_per_mask_iou
0.09667467325925827,0.8437879681587219,0.1734740436077118,0.3271738588809967,34.69883346557617,1,9,,,,,,,,
0.2540775537490845,0.9733771085739136,0.4029693007469177,0.7586466670036316,21.92805290222168,3,19,,,,,,,,
0.00011186516348971054,0.0003646973054856062,0.00017121332348324358,0.6435750126838684,25.914033889770508,4,29,,,,,,,,
0.0,0.0,0.0,0.6518809199333191,19.755643844604492,6,39,,,,,,,,
,,,,,,49,1e-05,,,,,,,
,,,,,8,49,,6.205272674560547,0.23857399821281433,0.9611365795135498,0.0,0.0,0.47265625,0.014298934489488602
