val_precision,val_recall,val_f1,val_acc,average_loss,epoch,step,lr-AdamW,loss,loss_focal,loss_dice,loss_classification,acc,loss_iou,train_per_mask_iou
0.9854357242584229,0.9952589273452759,0.9903229475021362,0.9983723759651184,23.136728286743164,1,9,,,,,,,,
0.0,0.0,0.0,0.6729227900505066,30.261436462402344,3,19,,,,,,,,
0.5959884524345398,0.9897276759147644,0.7439746260643005,0.9429982304573059,16.298490524291992,4,29,,,,,,,,
0.22689279913902283,0.9074884653091431,0.3630218505859375,0.7335103154182434,11.414291381835938,6,39,,,,,,,,
,,,,,,49,1e-05,,,,,,,
,,,,,8,49,,49.69437789916992,2.397706985473633,0.9209415912628174,0.0,0.0,0.8192963004112244,0.034023188054561615
0.281196653842926,0.9512521028518677,0.43407708406448364,0.7924448847770691,9.348915100097656,8,49,,,,,,,,
0.6538952589035034,0.9647459387779236,0.7794721126556396,0.9543202519416809,10.731307029724121,9,59,,,,,,,,
0.6027742028236389,0.9614636301994324,0.7409940958023071,0.943756103515625,13.274703025817871,11,69,,,,,,,,
