val_precision,val_recall,val_f1,val_acc,average_loss,epoch,step
0.9904352426528931,0.9944687485694885,0.9924479126930237,0.9987335205078125,25.40889549255371,1,9
